[{"demands":[112,0,112,0,0,0,112,0,0,0],"initialStorage":240,"orderName":"01331200671","safeStorage":0,"unitCost":52.0},{"demands":[0,0,0,0,0,270,0,0,0,0],"initialStorage":0,"orderName":"01334300271","safeStorage":0,"unitCost":56.0},{"demands":[504,518,576,504,504,0,0,504,520,504],"initialStorage":2292,"orderName":"01334300371","safeStorage":576,"unitCost":62.0},{"demands":[600,400,1000,800,600,800,400,600,1120,800],"initialStorage":2605,"orderName":"01334301271","safeStorage":1120,"unitCost":50.0},{"demands":[0,0,720,0,0,0,360,0,0,720],"initialStorage":1390,"orderName":"01334301771","safeStorage":720,"unitCost":62.0},{"demands":[0,0,316,0,0,0,316,0,0,316],"initialStorage":96,"orderName":"01334301871","safeStorage":0,"unitCost":60.0},{"demands":[500,500,500,500,500,500,500,500,500,500],"initialStorage":2513,"orderName":"01334302471","safeStorage":500,"unitCost":55.0},{"demands":[730,960,720,720,720,720,720,720,720,720],"initialStorage":2800,"orderName":"01334302871","safeStorage":960,"unitCost":54.0},{"demands":[640,560,490,0,320,0,80,880,720,560],"initialStorage":821,"orderName":"01334303371","safeStorage":880,"unitCost":46.0},{"demands":[1850,1840,1840,1855,2110,1520,2050,2700,2000,2525],"initialStorage":1687,"orderName":"01334304071","safeStorage":2700,"unitCost":51.0},{"demands":[280,160,160,160,224,260,319,324,319,160],"initialStorage":1909,"orderName":"01334304271","safeStorage":324,"unitCost":56.0},{"demands":[2000,2000,0,0,0,0,0,2000,2000,0],"initialStorage":942,"orderName":"01334304662","safeStorage":0,"unitCost":58.0},{"demands":[0,0,0,0,40,0,0,0,0,0],"initialStorage":1346,"orderName":"01334801671","safeStorage":40,"unitCost":47.0},{"demands":[0,0,500,0,0,0,0,0,0,300],"initialStorage":0,"orderName":"01334801771","safeStorage":0,"unitCost":43.0},{"demands":[0,0,96,96,96,0,96,96,96,0],"initialStorage":157,"orderName":"01334803171","safeStorage":0,"unitCost":60.0},{"demands":[0,0,0,0,100,0,0,0,0,0],"initialStorage":710,"orderName":"01334803871","safeStorage":0,"unitCost":102.0},{"demands":[240,240,240,160,240,160,240,415,240,240],"initialStorage":849,"orderName":"01334804571","safeStorage":415,"unitCost":50.0},{"demands":[168,252,252,252,252,0,0,168,168,168],"initialStorage":801,"orderName":"01334806371","safeStorage":252,"unitCost":54.0},{"demands":[156,234,192,234,0,0,0,270,270,312],"initialStorage":1522,"orderName":"01334806471","safeStorage":312,"unitCost":40.0},{"demands":[1375,880,895,175,485,815,640,1535,1200,975],"initialStorage":496,"orderName":"01334809671","safeStorage":1535,"unitCost":49.0},{"demands":[0,0,0,0,0,0,0,0,142,0],"initialStorage":2548,"orderName":"01334810371","safeStorage":142,"unitCost":43.0},{"demands":[0,0,70,0,0,0,0,0,0,70],"initialStorage":344,"orderName":"01334901971","safeStorage":0,"unitCost":51.0},{"demands":[0,0,0,0,0,0,0,0,0,30],"initialStorage":15,"orderName":"01334905571","safeStorage":0,"unitCost":95.0},{"demands":[2845,1600,2745,2490,1858,728,1785,3692,1680,3173],"initialStorage":4000,"orderName":"01334907671","safeStorage":3692,"unitCost":87.0},{"demands":[144,144,0,144,48,48,96,192,48,192],"initialStorage":433,"orderName":"01334909071","safeStorage":192,"unitCost":47.0},{"demands":[0,0,0,0,0,320,0,0,0,0],"initialStorage":231,"orderName":"01334909571","safeStorage":320,"unitCost":48.0},{"demands":[0,0,120,0,0,0,0,0,0,120],"initialStorage":214,"orderName":"01334910671","safeStorage":0,"unitCost":40.0},{"demands":[0,96,96,0,0,0,0,0,0,96],"initialStorage":48,"orderName":"01334913871","safeStorage":96,"unitCost":47.0},{"demands":[0,0,0,0,0,0,0,96,0,0],"initialStorage":42,"orderName":"01334917071","safeStorage":0,"unitCost":50.0},{"demands":[500,0,500,700,0,0,0,600,600,0],"initialStorage":28,"orderName":"01334920171","safeStorage":700,"unitCost":53.0},{"demands":[0,270,222,330,222,270,0,0,0,0],"initialStorage":1299,"orderName":"01334921871","safeStorage":0,"unitCost":39.0},{"demands":[600,0,0,600,0,400,400,400,400,400],"initialStorage":628,"orderName":"01334922771","safeStorage":600,"unitCost":48.0},{"demands":[500,250,250,250,250,0,0,500,0,500],"initialStorage":953,"orderName":"01334922871","safeStorage":500,"unitCost":37.0},{"demands":[228,420,420,504,420,420,0,588,504,504],"initialStorage":1289,"orderName":"01334923571","safeStorage":588,"unitCost":46.0},{"demands":[0,0,5,0,0,0,0,0,0,0],"initialStorage":898,"orderName":"01334924171","safeStorage":0,"unitCost":46.0},{"demands":[0,400,0,400,0,0,0,400,400,400],"initialStorage":120,"orderName":"01334924571","safeStorage":400,"unitCost":51.0},{"demands":[320,560,0,0,0,0,0,720,0,0],"initialStorage":745,"orderName":"01334924771","safeStorage":0,"unitCost":42.0},{"demands":[0,0,0,360,0,0,0,840,0,0],"initialStorage":945,"orderName":"01334926371","safeStorage":0,"unitCost":76.0},{"demands":[288,144,144,144,144,144,0,288,288,288],"initialStorage":1254,"orderName":"01334927171","safeStorage":288,"unitCost":61.0},{"demands":[0,0,0,0,0,0,0,480,0,0],"initialStorage":9,"orderName":"01334928171","safeStorage":480,"unitCost":47.0},{"demands":[192,192,192,192,192,96,192,192,192,192],"initialStorage":2094,"orderName":"01334931371","safeStorage":192,"unitCost":47.0},{"demands":[0,400,400,400,400,400,0,560,0,560],"initialStorage":98,"orderName":"01334931571","safeStorage":560,"unitCost":49.0},{"demands":[0,756,0,0,0,420,400,0,1208,560],"initialStorage":812,"orderName":"01334933571","safeStorage":1208,"unitCost":48.0},{"demands":[400,0,0,0,0,0,0,400,0,400],"initialStorage":524,"orderName":"01337200171","safeStorage":0,"unitCost":67.0},{"demands":[500,0,300,300,0,0,0,500,0,600],"initialStorage":876,"orderName":"01337200371","safeStorage":0,"unitCost":41.0},{"demands":[500,0,400,500,400,0,0,400,400,0],"initialStorage":2178,"orderName":"01337200571","safeStorage":500,"unitCost":47.0},{"demands":[0,0,0,0,0,0,0,300,0,200],"initialStorage":2179,"orderName":"01337200871","safeStorage":0,"unitCost":83.0}]
