[{"mainLine":0,"orderName":"01335701871","subLine":1,"unitTime":38.0},{"mainLine":0,"orderName":"01334302471","subLine":1,"unitTime":30.0},{"mainLine":2,"orderName":"01334806371","subLine":0,"unitTime":30.0},{"mainLine":0,"orderName":"01334904171","subLine":-1,"unitTime":35.0},{"mainLine":0,"orderName":"01334802071","subLine":-1,"unitTime":37.0},{"mainLine":3,"orderName":"01334301171","subLine":0,"unitTime":30.0},{"mainLine":1,"orderName":"01334300171","subLine":0,"unitTime":30.0},{"mainLine":1,"orderName":"01334302871","subLine":0,"unitTime":30.0},{"mainLine":3,"orderName":"01334300371","subLine":1,"unitTime":32.0},{"mainLine":3,"orderName":"01334300871","subLine":1,"unitTime":30.0},{"mainLine":1,"orderName":"01334301671","subLine":-1,"unitTime":30.0},{"mainLine":1,"orderName":"01334301771","subLine":-1,"unitTime":30.0},{"mainLine":1,"orderName":"01334301871","subLine":-1,"unitTime":30.0},{"mainLine":3,"orderName":"01334300571","subLine":1,"unitTime":35.0},{"mainLine":1,"orderName":"01331200671","subLine":2,"unitTime":32.0},{"mainLine":3,"orderName":"01334300471","subLine":1,"unitTime":32.0},{"mainLine":1,"orderName":"01334805471","subLine":2,"unitTime":32.0},{"mainLine":1,"orderName":"01334302671","subLine":3,"unitTime":30.0},{"mainLine":3,"orderName":"01334300271","subLine":1,"unitTime":32.0},{"mainLine":1,"orderName":"01334302571","subLine":0,"unitTime":30.0},{"mainLine":1,"orderName":"01334803171","subLine":2,"unitTime":30.0},{"mainLine":1,"orderName":"01334907271","subLine":2,"unitTime":28.0},{"mainLine":1,"orderName":"01334918571","subLine":2,"unitTime":30.0},{"mainLine":1,"orderName":"01334906071","subLine":2,"unitTime":30.0},{"mainLine":1,"orderName":"01334913671","subLine":2,"unitTime":27.0},{"mainLine":6,"orderName":"01334920171","subLine":-1,"unitTime":32.0},{"mainLine":1,"orderName":"01331202971","subLine":2,"unitTime":31.0},{"mainLine":2,"orderName":"01334800171","subLine":5,"unitTime":28.0},{"mainLine":2,"orderName":"01334918971","subLine":5,"unitTime":30.0},{"mainLine":2,"orderName":"01334922771","subLine":5,"unitTime":30.0},{"mainLine":2,"orderName":"01334912671","subLine":5,"unitTime":30.0},{"mainLine":2,"orderName":"01334802671","subLine":1,"unitTime":35.0},{"mainLine":1,"orderName":"01334926371","subLine":2,"unitTime":28.0},{"mainLine":2,"orderName":"01334806871","subLine":5,"unitTime":30.0},{"mainLine":2,"orderName":"01334806571","subLine":1,"unitTime":30.0},{"mainLine":2,"orderName":"01334919171","subLine":5,"unitTime":30.0},{"mainLine":2,"orderName":"01334912771","subLine":5,"unitTime":30.0},{"mainLine":2,"orderName":"01334901971","subLine":5,"unitTime":30.0},{"mainLine":2,"orderName":"01334800271","subLine":1,"unitTime":28.0},{"mainLine":2,"orderName":"01334924671","subLine":5,"unitTime":30.0},{"mainLine":2,"orderName":"01331201771","subLine":3,"unitTime":28.0},{"mainLine":2,"orderName":"01334917071","subLine":5,"unitTime":32.0},{"mainLine":2,"orderName":"01334801171","subLine":4,"unitTime":32.0},{"mainLine":2,"orderName":"01334901871","subLine":1,"unitTime":40.0},{"mainLine":2,"orderName":"01334901171","subLine":5,"unitTime":32.0},{"mainLine":2,"orderName":"01334916271","subLine":0,"unitTime":30.0},{"mainLine":2,"orderName":"01331203871","subLine":0,"unitTime":32.0},{"mainLine":2,"orderName":"01334803471","subLine":0,"unitTime":32.0},{"mainLine":2,"orderName":"01334904471","subLine":5,"unitTime":32.0},{"mainLine":2,"orderName":"01334906271","subLine":5,"unitTime":32.0},{"mainLine":2,"orderName":"01334802571","subLine":0,"unitTime":31.0},{"mainLine":2,"orderName":"01334912171","subLine":0,"unitTime":31.0},{"mainLine":2,"orderName":"01334902271","subLine":5,"unitTime":28.0},{"mainLine":2,"orderName":"01334918171","subLine":5,"unitTime":30.0},{"mainLine":2,"orderName":"01334900171","subLine":0,"unitTime":38.0},{"mainLine":2,"orderName":"01331200371","subLine":0,"unitTime":32.0},{"mainLine":2,"orderName":"01334905671","subLine":0,"unitTime":32.0},{"mainLine":2,"orderName":"01334915371","subLine":5,"unitTime":29.0},{"mainLine":2,"orderName":"01334915571","subLine":0,"unitTime":29.0},{"mainLine":2,"orderName":"01334900971","subLine":5,"unitTime":30.0},{"mainLine":2,"orderName":"01334917171","subLine":5,"unitTime":30.0},{"mainLine":2,"orderName":"01334902471","subLine":0,"unitTime":29.0},{"mainLine":2,"orderName":"01334903271","subLine":5,"unitTime":32.0},{"mainLine":2,"orderName":"01334901071","subLine":0,"unitTime":30.0},{"mainLine":2,"orderName":"01334916371","subLine":0,"unitTime":30.0},{"mainLine":2,"orderName":"01334900271","subLine":3,"unitTime":30.0},{"mainLine":2,"orderName":"01334802771","subLine":0,"unitTime":32.0},{"mainLine":2,"orderName":"01331200771","subLine":0,"unitTime":31.0},{"mainLine":2,"orderName":"01331203971","subLine":0,"unitTime":30.0},{"mainLine":2,"orderName":"01331204271","subLine":0,"unitTime":31.0},{"mainLine":2,"orderName":"01334800571","subLine":0,"unitTime":30.0},{"mainLine":2,"orderName":"01334801071","subLine":0,"unitTime":32.0},{"mainLine":2,"orderName":"01334801571","subLine":0,"unitTime":31.0},{"mainLine":2,"orderName":"01334801971","subLine":0,"unitTime":32.0},{"mainLine":2,"orderName":"01334902071","subLine":0,"unitTime":30.0},{"mainLine":2,"orderName":"01334902771","subLine":5,"unitTime":29.0},{"mainLine":2,"orderName":"01334906371","subLine":5,"unitTime":30.0},{"mainLine":2,"orderName":"01334909171","subLine":5,"unitTime":30.0},{"mainLine":2,"orderName":"01334910971","subLine":0,"unitTime":29.0},{"mainLine":2,"orderName":"01334912071","subLine":5,"unitTime":29.0},{"mainLine":2,"orderName":"01334917371","subLine":0,"unitTime":30.0},{"mainLine":3,"orderName":"01334803871","subLine":2,"unitTime":28.0},{"mainLine":3,"orderName":"01334913171","subLine":2,"unitTime":27.50},{"mainLine":3,"orderName":"01334301271","subLine":1,"unitTime":30.0},{"mainLine":3,"orderName":"01334803671","subLine":2,"unitTime":33.0},{"mainLine":3,"orderName":"01334804571","subLine":4,"unitTime":30.0},{"mainLine":3,"orderName":"01334801371","subLine":2,"unitTime":31.0},{"mainLine":3,"orderName":"01331203171","subLine":2,"unitTime":31.0},{"mainLine":3,"orderName":"01331201671","subLine":2,"unitTime":30.0},{"mainLine":3,"orderName":"01331201871","subLine":2,"unitTime":28.0},{"mainLine":3,"orderName":"01334900871","subLine":2,"unitTime":31.0},{"mainLine":3,"orderName":"01334909571","subLine":2,"unitTime":30.0},{"mainLine":3,"orderName":"01334902171","subLine":2,"unitTime":35.0},{"mainLine":3,"orderName":"01331201471","subLine":2,"unitTime":31.0},{"mainLine":3,"orderName":"01334801871","subLine":2,"unitTime":30.0},{"mainLine":3,"orderName":"01334914071","subLine":2,"unitTime":32.0},{"mainLine":3,"orderName":"01334914271","subLine":2,"unitTime":30.0},{"mainLine":3,"orderName":"01334919071","subLine":2,"unitTime":30.0},{"mainLine":3,"orderName":"01334913571","subLine":2,"unitTime":27.0},{"mainLine":3,"orderName":"01334914171","subLine":2,"unitTime":32.0},{"mainLine":3,"orderName":"01331204071","subLine":2,"unitTime":31.0},{"mainLine":3,"orderName":"01334911571","subLine":2,"unitTime":32.0},{"mainLine":3,"orderName":"01334911271","subLine":2,"unitTime":29.0},{"mainLine":3,"orderName":"01331802571","subLine":2,"unitTime":32.0},{"mainLine":3,"orderName":"01334916671","subLine":2,"unitTime":30.0},{"mainLine":4,"orderName":"01334801471","subLine":0,"unitTime":31.0},{"mainLine":4,"orderName":"01334800671","subLine":0,"unitTime":28.0},{"mainLine":4,"orderName":"01334904271","subLine":1,"unitTime":28.0},{"mainLine":4,"orderName":"01334800871","subLine":1,"unitTime":32.0},{"mainLine":4,"orderName":"01334902671","subLine":1,"unitTime":28.50},{"mainLine":4,"orderName":"01334801671","subLine":1,"unitTime":31.0},{"mainLine":4,"orderName":"01334924171","subLine":1,"unitTime":30.0},{"mainLine":4,"orderName":"01334802471","subLine":1,"unitTime":33.0},{"mainLine":4,"orderName":"01334803071","subLine":1,"unitTime":32.0},{"mainLine":5,"orderName":"01334910671","subLine":2,"unitTime":29.0},{"mainLine":5,"orderName":"01334920071","subLine":2,"unitTime":30.0},{"mainLine":5,"orderName":"01334918071","subLine":2,"unitTime":30.0},{"mainLine":5,"orderName":"01334924571","subLine":2,"unitTime":30.0},{"mainLine":5,"orderName":"01334921171","subLine":2,"unitTime":30.0},{"mainLine":5,"orderName":"01334916471","subLine":2,"unitTime":32.0},{"mainLine":5,"orderName":"01334912471","subLine":2,"unitTime":32.0},{"mainLine":5,"orderName":"01334909071","subLine":2,"unitTime":28.0},{"mainLine":5,"orderName":"01334902371","subLine":2,"unitTime":29.0},{"mainLine":5,"orderName":"01334903171","subLine":2,"unitTime":31.0},{"mainLine":5,"orderName":"01334922671","subLine":2,"unitTime":28.0},{"mainLine":5,"orderName":"01334903571","subLine":2,"unitTime":31.0},{"mainLine":5,"orderName":"01334905171","subLine":2,"unitTime":32.0},{"mainLine":5,"orderName":"01334921871","subLine":3,"unitTime":30.0},{"mainLine":5,"orderName":"01334913371","subLine":2,"unitTime":27.0},{"mainLine":5,"orderName":"01334912571","subLine":2,"unitTime":35.0},{"mainLine":5,"orderName":"01334905571","subLine":2,"unitTime":30.0},{"mainLine":2,"orderName":"01334915671","subLine":5,"unitTime":29.0},{"mainLine":2,"orderName":"01334914771","subLine":5,"unitTime":32.0},{"mainLine":2,"orderName":"01334914371","subLine":5,"unitTime":30.0},{"mainLine":2,"orderName":"01334913971","subLine":5,"unitTime":30.0},{"mainLine":2,"orderName":"01334917271","subLine":5,"unitTime":30.0},{"mainLine":2,"orderName":"01334911371","subLine":5,"unitTime":30.0},{"mainLine":2,"orderName":"01334909371","subLine":5,"unitTime":33.0},{"mainLine":2,"orderName":"01331202571","subLine":5,"unitTime":30.0},{"mainLine":2,"orderName":"01331200271","subLine":5,"unitTime":30.0},{"mainLine":2,"orderName":"01331202871","subLine":5,"unitTime":30.0},{"mainLine":2,"orderName":"01331202571","subLine":5,"unitTime":30.0},{"mainLine":7,"orderName":"01334907671","subLine":5,"unitTime":22.0},{"mainLine":7,"orderName":"01334900371","subLine":2,"unitTime":22.0},{"mainLine":7,"orderName":"01334904671","subLine":2,"unitTime":22.0},{"mainLine":7,"orderName":"01331200171","subLine":2,"unitTime":30.0},{"mainLine":0,"orderName":"01334304071","subLine":1,"unitTime":30.0},{"mainLine":4,"orderName":"01334809671","subLine":0,"unitTime":30.0},{"mainLine":3,"orderName":"01334303871","subLine":1,"unitTime":30.0},{"mainLine":1,"orderName":"01334304271","subLine":0,"unitTime":30.0},{"mainLine":5,"orderName":"01334933571","subLine":3,"unitTime":30.0},{"mainLine":5,"orderName":"01334931571","subLine":3,"unitTime":30.0},{"mainLine":0,"orderName":"01334304171","subLine":1,"unitTime":30.0},{"mainLine":4,"orderName":"01334304671","subLine":-1,"unitTime":30.0},{"mainLine":2,"orderName":"01334923571","subLine":5,"unitTime":30.0},{"mainLine":5,"orderName":"01334931371","subLine":2,"unitTime":30.0},{"mainLine":0,"orderName":"01334303371","subLine":1,"unitTime":30.0},{"mainLine":5,"orderName":"01334928171","subLine":2,"unitTime":30.0},{"mainLine":1,"orderName":"01337200571","subLine":2,"unitTime":30.0},{"mainLine":2,"orderName":"01334806471","subLine":0,"unitTime":30.0},{"mainLine":3,"orderName":"01334303471","subLine":1,"unitTime":30.0},{"mainLine":3,"orderName":"01334303671","subLine":1,"unitTime":30.0},{"mainLine":5,"orderName":"01334924771","subLine":2,"unitTime":30.0},{"mainLine":3,"orderName":"01334300171","subLine":0,"unitTime":30.0},{"mainLine":4,"orderName":"01334305271","subLine":-1,"unitTime":30.0},{"mainLine":3,"orderName":"01334927171","subLine":5,"unitTime":30.0},{"mainLine":1,"orderName":"01337200171","subLine":2,"unitTime":30.0},{"mainLine":6,"orderName":"01337200371","subLine":-1,"unitTime":30.0},{"mainLine":1,"orderName":"01337200871","subLine":2,"unitTime":30.0},{"mainLine":4,"orderName":"01334801771","subLine":-1,"unitTime":30.0},{"mainLine":6,"orderName":"01334922871","subLine":-1,"unitTime":30.0},{"mainLine":5,"orderName":"01334924971","subLine":2,"unitTime":30.0},{"mainLine":2,"orderName":"01334903371","subLine":5,"unitTime":30.0},{"mainLine":2,"orderName":"01334913871","subLine":0,"unitTime":30.0},{"mainLine":5,"orderName":"01334932771","subLine":0,"unitTime":30.0},{"mainLine":2,"orderName":"01334810171","subLine":0,"unitTime":30.0},{"mainLine":2,"orderName":"01334810371","subLine":0,"unitTime":30.0},{"mainLine":4,"orderName":"01334304662","subLine":-1,"unitTime":30.0}]
