[{"availHours":154,"lineId":"59c7b883ead6e05f396096de","turnHours":2},{"availHours":154,"lineId":"59c7b88fead6e05f396096df","turnHours":2},{"availHours":154,"lineId":"59c7b894ead6e05f396096e0","turnHours":2},{"availHours":154,"lineId":"59c7b89cead6e05f396096e1","turnHours":2},{"availHours":154,"lineId":"59c7b8a4ead6e05f396096e2","turnHours":2},{"availHours":154,"lineId":"59c7b8aaead6e05f396096e3","turnHours":2},{"availHours":154,"lineId":"59c7b8b3ead6e05f396096e4","turnHours":2},{"availHours":154,"lineId":"59c7b8baead6e05f396096e5","turnHours":2}]