[{"orderName":"1334909571","mainLine":"59c7b89cead6e05f396096e1","subLine":"-1","unitTime":30},{"orderName":"1337200171","mainLine":"59c7b88fead6e05f396096df","subLine":"-1","unitTime":30},{"orderName":"1334902271","mainLine":"59c7b8aaead6e05f396096e3","subLine":"-1","unitTime":28},{"orderName":"1334809671","mainLine":"59c7b8a4ead6e05f396096e2","subLine":"-1","unitTime":30},{"orderName":"1334801771","mainLine":"59c7b8a4ead6e05f396096e2","subLine":"-1","unitTime":30},{"orderName":"1334300271","mainLine":"59c7b89cead6e05f396096e1","subLine":"-1","unitTime":32},{"orderName":"1334800871","mainLine":"59c7b8a4ead6e05f396096e2","subLine":"-1","unitTime":32},{"orderName":"1334927171","mainLine":"59c7b89cead6e05f396096e1","subLine":"-1","unitTime":30},{"orderName":"1334931571","mainLine":"59c7b8aaead6e05f396096e3","subLine":"-1","unitTime":30},{"orderName":"1334806571","mainLine":"59c7b88fead6e05f396096df","subLine":"-1","unitTime":30},{"orderName":"1334913971","mainLine":"59c7b8aaead6e05f396096e3","subLine":"-1","unitTime":30},{"orderName":"1334924771","mainLine":"59c7b8aaead6e05f396096e3","subLine":"-1","unitTime":30},{"orderName":"1334300371","mainLine":"59c7b89cead6e05f396096e1","subLine":"-1","unitTime":32},{"orderName":"1331201771","mainLine":"59c7b894ead6e05f396096e0","subLine":"-1","unitTime":28},{"orderName":"1334933571","mainLine":"59c7b8aaead6e05f396096e3","subLine":"-1","unitTime":30},{"orderName":"1334304071","mainLine":"59c7b883ead6e05f396096de","subLine":"-1","unitTime":30},{"orderName":"1334302471","mainLine":"59c7b89cead6e05f396096e1","subLine":"-1","unitTime":30},{"orderName":"1334910671","mainLine":"59c7b8aaead6e05f396096e3","subLine":"-1","unitTime":29},{"orderName":"1334304271","mainLine":"59c7b883ead6e05f396096de","subLine":"-1","unitTime":30},{"orderName":"1334810471","mainLine":"59c7b89cead6e05f396096e1","subLine":"-1","unitTime":30},{"orderName":"1334920171","mainLine":"59c7b8b3ead6e05f396096e4","subLine":"-1","unitTime":32},{"orderName":"1334928671","mainLine":"59c7b89cead6e05f396096e1","subLine":"-1","unitTime":30},{"orderName":"1334922671","mainLine":"59c7b8aaead6e05f396096e3","subLine":"-1","unitTime":28},{"orderName":"1334802671","mainLine":"59c7b88fead6e05f396096df","subLine":"-1","unitTime":35},{"orderName":"1334305171","mainLine":"59c7b89cead6e05f396096e1","subLine":"-1","unitTime":30},{"orderName":"1334928571","mainLine":"59c7b89cead6e05f396096e1","subLine":"-1","unitTime":30},{"orderName":"1334303371","mainLine":"59c7b88fead6e05f396096df","subLine":"-1","unitTime":30},{"orderName":"1334806871","mainLine":"59c7b8aaead6e05f396096e3","subLine":"-1","unitTime":30},{"orderName":"1337200371","mainLine":"59c7b8b3ead6e05f396096e4","subLine":"-1","unitTime":30},{"orderName":"1334804571","mainLine":"59c7b89cead6e05f396096e1","subLine":"-1","unitTime":30},{"orderName":"1334901971","mainLine":"59c7b8aaead6e05f396096e3","subLine":"-1","unitTime":30},{"orderName":"1334801671","mainLine":"59c7b8a4ead6e05f396096e2","subLine":"-1","unitTime":31},{"orderName":"1337200571","mainLine":"59c7b88fead6e05f396096df","subLine":"-1","unitTime":30},{"orderName":"1334302871","mainLine":"59c7b88fead6e05f396096df","subLine":"-1","unitTime":30},{"orderName":"1334304171","mainLine":"59c7b883ead6e05f396096de","subLine":"-1","unitTime":30},{"orderName":"1334900371","mainLine":"59c7b8baead6e05f396096e5","subLine":"-1","unitTime":22},{"orderName":"1334805471","mainLine":"59c7b88fead6e05f396096df","subLine":"-1","unitTime":32},{"orderName":"1334907671","mainLine":"59c7b8baead6e05f396096e5","subLine":"-1","unitTime":22},{"orderName":"1334300571","mainLine":"59c7b89cead6e05f396096e1","subLine":"-1","unitTime":35}]