[{"rawId":"59843730255b443352cc7ac9","rawName":"raw1","unitCost":20,"initialStorage":0,"storageCost":6,"supplys":[2000,0,0,2000,0,0]},{"rawId":"59843743255b443352cc7aca","rawName":"raw2","unitCost":300,"initialStorage":0,"storageCost":10,"supplys":[10,20,20,30,40,30]},{"rawId":"59843752255b443352cc7acb","rawName":"raw3","unitCost":400,"initialStorage":0,"storageCost":20,"supplys":[0,0,0,0,0,0]},{"rawId":"59843a8d255b443352cc7acd","rawName":"raw4","initialStorage":0,"supplys":[500,550,550,220,220,220]},{"rawId":"59843a93255b443352cc7ace","rawName":"raw5","initialStorage":0,"supplys":[100,0,200,2000,0,0]},{"rawId":"59c219307d685e1129307c65","rawName":"raw6","unitCost":24,"initialStorage":500,"storageCost":5,"supplys":[0,0,0,0,0,0]},{"rawId":"59c276a2f083fbd95b518cd0","rawName":"orderRaw","unitCost":20,"initialStorage":100,"supplys":[0,0,0,0,0,0]}]